email,url
cybercell@paytm.com,https://paytm.com/
cybercell@paytm.com,https://paytm.com/shop/h/vouchers?src=store&from=storefront
cybercell@paytm.com,https://paytm.com/events
"hotel.helpdesk@paytm.com,cybercell@paytm.com,0410ce5f7a3a4c58bb301150a45235d4@sentry.io",https://paytm.com/hotels
"cybercell@paytm.com,0410ce5f7a3a4c58bb301150a45235d4@sentry.io",https://paytm.com/flights
"cybercell@paytm.com,0410ce5f7a3a4c58bb301150a45235d4@sentry.io",https://paytm.com/bus-tickets
"eticket@irctc.co.in,eticket@irctc.co.in,cybercell@paytm.com,0410ce5f7a3a4c58bb301150a45235d4@sentry.io",https://paytm.com/train-tickets
"cybercell@paytm.com,0410ce5f7a3a4c58bb301150a45235d4@sentry.io",https://paytm.com/international-flights
cybercell@paytm.com,https://paytm.com/movies
cybercell@paytm.com,https://paytm.com/shop/h/deals-for-you?src=store&from=storefront
ESPN+@no-vote.com,https://help.espnplus.com/hc/en-us/articles/360026126892-ESPN-Subscriber-Agreement
"privacy.department@nielsen.com,privacy.department@nielsen.com,privacy.department@nielsen.com",https://www.nielsen.com/us/en/legal/privacy-statement/digital-measurement/
"service@templeton.com,service@templeton.com",https://www.paytmmoney.com/mutual-funds/scheme/franklin-india-smaller-companies-direct-fund-growth/inf090i01iq4
"investor.line@lntmf.co.in,investor.line@lntmf.co.in",https://www.paytmmoney.com/mutual-funds/scheme/lnt-india-value-fund-direct-growth/inf917k01hd4
"investor.line@lntmf.co.in,investor.line@lntmf.co.in",https://www.paytmmoney.com/mutual-funds/scheme/lnt-emerging-businesses-fund-direct-growth/inf917k01qa1
"mutual@kotak.com,mutual@kotak.com",https://www.paytmmoney.com/mutual-funds/scheme/kotak-standard-multicap-fund-direct-growth/inf174k01ls2
"customer.delight@sbimf.com,customer.delight@sbimf.com",https://www.paytmmoney.com/mutual-funds/scheme/sbi-bluechip-direct-plan-growth/inf200k01qx4
"investormf@idfc.com,investormf@idfc.com",https://www.paytmmoney.com/mutual-funds/amc/idfc-mutual-fund
"getintouch@axismf.com,customerservice@axismf.com,getintouch@axismf.com,customerservice@axismf.com",https://www.paytmmoney.com/mutual-funds/scheme/axis-long-term-equity-direct-plan-growth/inf846k01ew2
"customer_care@nipponindiamf.com,customer_care@nipponindiamf.com",https://www.paytmmoney.com/mutual-funds/scheme/reliance-small-cap-fund-direct-growth/inf204k01k15
"customerservices@sundarammutual.com,customerservices@sundarammutual.com",https://www.paytmmoney.com/mutual-funds/amc/sundaram-mutual-fund
"mutual@kotak.com,mutual@kotak.com",https://www.paytmmoney.com/mutual-funds/amc/kotak-mahindra-mutual-fund
"customercare@miraeassetmf.co.in,customercare@miraeassetmf.co.in",https://www.paytmmoney.com/mutual-funds/scheme/mirae-asset-emerging-bluechip-fund-direct-growth/inf769k01bi1
"enquiry@icicipruamc.com,enquiry@icicipruamc.com",https://www.paytmmoney.com/mutual-funds/amc/icici-prudential-mutual-fund
"investor.line@lntmf.co.in,investor.line@lntmf.co.in",https://www.paytmmoney.com/mutual-funds/amc/lnt-mutual-fund
"getintouch@axismf.com,customerservice@axismf.com,getintouch@axismf.com,customerservice@axismf.com",https://www.paytmmoney.com/mutual-funds/amc/axis-mutual-fund
"customer.delight@sbimf.com,customer.delight@sbimf.com",https://www.paytmmoney.com/mutual-funds/amc/sbi-mutual-fund
"customer_care@nipponindiamf.com,customer_care@nipponindiamf.com",https://www.paytmmoney.com/mutual-funds/amc/reliance-mutual-fund
cybercell@paytm.com,https://paytm.com/movies/upcoming-movies/comedy
cybercell@paytm.com,https://paytm.com/movies/upcoming-movies/romantic
cybercell@paytm.com,https://paytm.com/movies/upcoming-movies/sci-fi
cybercell@paytm.com,https://paytm.com/movies/upcoming-movies/horror
"invest@uti.co.in,invest@uti.co.in",https://www.paytmmoney.com/mutual-funds/amc/uti-mutual-fund
cybercell@paytm.com,https://paytm.com/movies/upcoming-movies/mystery
"Michael.Rothstein@espn.com,ben.baby@espn.com,Michael.Rothstein@espn.com,Michael.Rothstein@espn.com,ben.baby@espn.com",https://www.espn.com/nfl/draft/news
cybercell@paytm.com,https://paytm.com/movies/upcoming-movies/english
cybercell@paytm.com,https://paytm.com/movies/upcoming-movies/telugu
cybercell@paytm.com,https://paytm.com/amusement-parks/goa
cybercell@paytm.com,https://paytm.com/amusement-parks/noida
cybercell@paytm.com,https://paytm.com/amusement-parks/chennai
cybercell@paytm.com,https://paytm.com/amusement-parks/gurgaon
cybercell@paytm.com,https://paytm.com/amusement-parks/delhi-ncr
cybercell@paytm.com,https://paytm.com/amusement-parks/lonavala
cybercell@paytm.com,https://paytm.com/amusement-parks/pune
cybercell@paytm.com,https://paytm.com/amusement-parks/kolkata
cybercell@paytm.com,https://paytm.com/amusement-parks/mumbai
cybercell@paytm.com,https://paytm.com/events/goa
cybercell@paytm.com,https://paytm.com/events/kolkata
cybercell@paytm.com,https://paytm.com/events/pune
cybercell@paytm.com,https://paytm.com/events/chandigarh
cybercell@paytm.com,https://paytm.com/events/delhi-ncr
cybercell@paytm.com,https://paytm.com/events/hyderabad
cybercell@paytm.com,https://paytm.com/events/chennai
cybercell@paytm.com,https://paytm.com/events/bengaluru
cybercell@paytm.com,https://paytm.com/events/mumbai
"cybercell@paytm.com,0410ce5f7a3a4c58bb301150a45235d4@sentry.io",https://paytm.com/train-tickets/ajmer-to-jaipur-trains
"etickets@irctc.co.in,etickets@irctc.co.in,etickets@irctc.co.in,etickets@irctc.co.in,cybercell@paytm.com,0410ce5f7a3a4c58bb301150a45235d4@sentry.io",https://paytm.com/train-tickets/railway-enquiry
"cybercell@paytm.com,0410ce5f7a3a4c58bb301150a45235d4@sentry.io",https://paytm.com/train-tickets/tatkal-railway-reservation
"care@irctc.co.in,cybercell@paytm.com,0410ce5f7a3a4c58bb301150a45235d4@sentry.io",https://paytm.com/train-tickets/irctc-account-login
"cybercell@paytm.com,0410ce5f7a3a4c58bb301150a45235d4@sentry.io",https://paytm.com/train-tickets/chennai-to-bangalore-trains
"cybercell@paytm.com,0410ce5f7a3a4c58bb301150a45235d4@sentry.io",https://paytm.com/flights/pune-to-bengaluru-flight-tickets
"cybercell@paytm.com,0410ce5f7a3a4c58bb301150a45235d4@sentry.io",https://paytm.com/flights/bengaluru-to-mumbai-flight-tickets
"cybercell@paytm.com,0410ce5f7a3a4c58bb301150a45235d4@sentry.io",https://paytm.com/train-tickets/train-running-status
"cybercell@paytm.com,0410ce5f7a3a4c58bb301150a45235d4@sentry.io",https://paytm.com/train-tickets/ahmedabad-to-mumbai-trains
"cybercell@paytm.com,0410ce5f7a3a4c58bb301150a45235d4@sentry.io",https://paytm.com/flights/chennai-to-mumbai-flight-tickets
"cybercell@paytm.com,0410ce5f7a3a4c58bb301150a45235d4@sentry.io",https://paytm.com/flights/mumbai-to-goa-flight-tickets
"cybercell@paytm.com,0410ce5f7a3a4c58bb301150a45235d4@sentry.io",https://paytm.com/flights/pune-to-delhi-flight-tickets
"cybercell@paytm.com,0410ce5f7a3a4c58bb301150a45235d4@sentry.io",https://paytm.com/flights/mumbai-to-chennai-flight-tickets
"cybercell@paytm.com,0410ce5f7a3a4c58bb301150a45235d4@sentry.io",https://paytm.com/flights/delhi-to-goa-flight-tickets
"cybercell@paytm.com,0410ce5f7a3a4c58bb301150a45235d4@sentry.io",https://paytm.com/flights/hyderabad-to-delhi-flight-tickets
"cybercell@paytm.com,0410ce5f7a3a4c58bb301150a45235d4@sentry.io",https://paytm.com/flights/delhi-to-kolkata-flight-tickets
"cybercell@paytm.com,0410ce5f7a3a4c58bb301150a45235d4@sentry.io",https://paytm.com/flights/mumbai-to-bengaluru-flight-tickets
"cybercell@paytm.com,0410ce5f7a3a4c58bb301150a45235d4@sentry.io",https://paytm.com/flights/ahmedabad-to-mumbai-flight-tickets
"cybercell@paytm.com,0410ce5f7a3a4c58bb301150a45235d4@sentry.io",https://paytm.com/flights/mumbai-to-delhi-flight-tickets
"cybercell@paytm.com,0410ce5f7a3a4c58bb301150a45235d4@sentry.io",https://paytm.com/flights/bengaluru-to-delhi-flight-tickets
"cybercell@paytm.com,0410ce5f7a3a4c58bb301150a45235d4@sentry.io",https://paytm.com/bus-tickets/pune-to-goa-booking
"cybercell@paytm.com,0410ce5f7a3a4c58bb301150a45235d4@sentry.io",https://paytm.com/bus-tickets/delhi-to-chandigarh-booking
"cybercell@paytm.com,0410ce5f7a3a4c58bb301150a45235d4@sentry.io",https://paytm.com/bus-tickets/delhi-to-jaipur-booking
"cybercell@paytm.com,0410ce5f7a3a4c58bb301150a45235d4@sentry.io",https://paytm.com/bus-tickets/delhi-to-manali-booking
"cybercell@paytm.com,0410ce5f7a3a4c58bb301150a45235d4@sentry.io",https://paytm.com/bus-tickets/hyderabad-to-guntur-booking
cybercell@paytm.com,https://paytm.com/movies/chandigarh
cybercell@paytm.com,https://paytm.com/movies/vizag
"cybercell@paytm.com,0410ce5f7a3a4c58bb301150a45235d4@sentry.io",https://paytm.com/bus-tickets/vijayawada-to-hyderabad-booking
"cybercell@paytm.com,0410ce5f7a3a4c58bb301150a45235d4@sentry.io",https://paytm.com/bus-tickets/chennai-to-coimbatore-booking
"cybercell@paytm.com,0410ce5f7a3a4c58bb301150a45235d4@sentry.io",https://paytm.com/bus-tickets/indore-to-bhopal-booking
cybercell@paytm.com,https://paytm.com/movies/kolkata
cybercell@paytm.com,https://paytm.com/movies/gurgaon
cybercell@paytm.com,https://paytm.com/movies/ahmedabad
"cybercell@paytm.com,0410ce5f7a3a4c58bb301150a45235d4@sentry.io",https://paytm.com/bus-tickets/hyderabad-to-vijayawada-booking
cybercell@paytm.com,https://paytm.com/movies/pune
cybercell@paytm.com,https://paytm.com/movies/mumbai
cybercell@paytm.com,https://paytm.com/movies/hyderabad
cybercell@paytm.com,https://paytm.com/cabletv-recharge/hathway
cybercell@paytm.com,https://paytm.com/cabletv-recharge/gtpl-cable-tv
cybercell@paytm.com,https://paytm.com/cabletv-recharge/icc-network
cybercell@paytm.com,https://paytm.com/cabletv-recharge/act-digital-tv
cybercell@paytm.com,https://paytm.com/credit-card-bill-payment/indusind-bank
cybercell@paytm.com,https://paytm.com/insurance-premium-payment/universal-sompo-general-insurance
cybercell@paytm.com,https://paytm.com/insurance-premium-payment/the-oriental-insurance-company
cybercell@paytm.com,https://paytm.com/insurance-premium-payment/tata-aia-life-insurance
cybercell@paytm.com,http://paytm.com/offer/bus-tickets/
cybercell@paytm.com,https://paytm.com/insurance-premium-payment/star-health-and-allied-insurance
cybercell@paytm.com,https://paytm.com/insurance-premium-payment/star-union-dai-ichi-life-insurance
"cybercell@paytm.com,0410ce5f7a3a4c58bb301150a45235d4@sentry.io",https://paytm.com/bus-tickets/pune-to-bengaluru-booking
"cybercell@paytm.com,0410ce5f7a3a4c58bb301150a45235d4@sentry.io",https://paytm.com/bus-tickets/bengaluru-to-pune-booking
"cybercell@paytm.com,0410ce5f7a3a4c58bb301150a45235d4@sentry.io",https://paytm.com/bus-tickets/mumbai-to-bengaluru-booking
cybercell@paytm.com,https://paytm.com/insurance-premium-payment/shriram-life-insurance
cybercell@paytm.com,https://paytm.com/insurance-premium-payment/shriram-general-insurance
cybercell@paytm.com,https://paytm.com/insurance-premium-payment/sbi-general-insurance-limited
cybercell@paytm.com,https://paytm.com/insurance-premium-payment/royal-sundaram-general-insurance
cybercell@paytm.com,https://paytm.com/insurance-premium-payment/religare-health-insurance
"cybercell@paytm.com,0410ce5f7a3a4c58bb301150a45235d4@sentry.io",https://paytm.com/bus-tickets/chennai-to-bengaluru-booking
cybercell@paytm.com,https://paytm.com/insurance-premium-payment/reliance-general-insurance
"cybercell@paytm.com,0410ce5f7a3a4c58bb301150a45235d4@sentry.io",https://paytm.com/bus-tickets/bengaluru-to-goa-booking
"cybercell@paytm.com,0410ce5f7a3a4c58bb301150a45235d4@sentry.io",https://paytm.com/bus-tickets/bengaluru-to-chennai-booking
cybercell@paytm.com,https://paytm.com/insurance-premium-payment/pramerica-life-insurance-limited
cybercell@paytm.com,https://paytm.com/insurance-premium-payment/lic-of-india
cybercell@paytm.com,https://paytm.com/insurance-premium-payment/max-life-insurance
cybercell@paytm.com,https://paytm.com/insurance-premium-payment/indiafirst-life-insurance
cybercell@paytm.com,https://paytm.com/insurance-premium-payment/magma-hdi-general-insurance
"cybercell@paytm.com,0410ce5f7a3a4c58bb301150a45235d4@sentry.io",https://paytm.com/bus-tickets/hyderabad-to-bengaluru-booking
cybercell@paytm.com,https://paytm.com/insurance-premium-payment/iffco-tokio-general-insurance
cybercell@paytm.com,https://paytm.com/insurance-premium-payment/icici-prudential-life-insurance
cybercell@paytm.com,https://paytm.com/insurance-premium-payment/hdfc-life-insurance
cybercell@paytm.com,https://paytm.com/insurance-premium-payment/hdfc-ergo-general-insurance
cybercell@paytm.com,https://paytm.com/insurance-premium-payment/future-generali-india-life-insurance
cybercell@paytm.com,https://paytm.com/insurance-premium-payment/future-generali-india-general-insurance
cybercell@paytm.com,https://paytm.com/insurance-premium-payment/exide-life-insurance
cybercell@paytm.com,https://paytm.com/insurance-premium-payment/edelweiss-tokio-life-insurance
cybercell@paytm.com,https://paytm.com/insurance-premium-payment/bharti-axa-life-insurance
cybercell@paytm.com,https://paytm.com/insurance-premium-payment/bajaj-allianz-life-insurance
cybercell@paytm.com,https://paytm.com/insurance-premium-payment/aegon-life-insurance
cybercell@paytm.com,https://paytm.com/insurance-premium-payment/aditya-birla-sun-life-insurance
cybercell@paytm.com,https://paytm.com/loan-emi-payment/ziploan
cybercell@paytm.com,https://paytm.com/loan-emi-payment/wonder-home-finance-ltd
cybercell@paytm.com,https://paytm.com/loan-emi-payment/wheelsemi
"cybercell@paytm.com,0410ce5f7a3a4c58bb301150a45235d4@sentry.io",https://paytm.com/bus-tickets/bengaluru-to-hyderabad-booking
cybercell@paytm.com,https://paytm.com/loan-emi-payment/volkswagen-finance
cybercell@paytm.com,https://paytm.com/loan-emi-payment/ujjivan-small-finance-bank
cybercell@paytm.com,https://paytm.com/loan-emi-payment/tribe3
cybercell@paytm.com,https://paytm.com/loan-emi-payment/toyota-financial-services
cybercell@paytm.com,https://paytm.com/loan-emi-payment/tata-capital-financial-services-limited
cybercell@paytm.com,https://paytm.com/loan-emi-payment/tvs-credit-services-limited
cybercell@paytm.com,https://paytm.com/loan-emi-payment/suryoday-small-finance-bank
cybercell@paytm.com,https://paytm.com/loan-emi-payment/small-business-fincredit-india
cybercell@paytm.com,https://paytm.com/loan-emi-payment/shriram-housing-finance
cybercell@paytm.com,https://paytm.com/loan-emi-payment/rbl-bank-ltd
cybercell@paytm.com,https://paytm.com/loan-emi-payment/shriram-transport-finance
cybercell@paytm.com,https://paytm.com/loan-emi-payment/paisadukan
cybercell@paytm.com,https://paytm.com/loan-emi-payment/snapmint
cybercell@paytm.com,https://paytm.com/loan-emi-payment/pnb-housing-finance-ltd
cybercell@paytm.com,https://paytm.com/loan-emi-payment/nikon
cybercell@paytm.com,https://paytm.com/loan-emi-payment/neev-finance
cybercell@paytm.com,https://paytm.com/loan-emi-payment/muthoot-capital-service-ltd
cybercell@paytm.com,https://paytm.com/loan-emi-payment/muthoot-finance-ltd
cybercell@paytm.com,https://paytm.com/loan-emi-payment/motilal-oswal-home-finance-limited
cybercell@paytm.com,https://paytm.com/loan-emi-payment/manappuram
cybercell@paytm.com,https://paytm.com/loan-emi-payment/loksuvidha
cybercell@paytm.com,https://paytm.com/loan-emi-payment/loan-through-paytm
cybercell@paytm.com,https://paytm.com/loan-emi-payment/mas-rural-housing-mortgage-finance-ltd
cybercell@paytm.com,https://paytm.com/loan-emi-payment/lendenclub
cybercell@paytm.com,https://paytm.com/loan-emi-payment/loantap
cybercell@paytm.com,https://paytm.com/loan-emi-payment/l-t-housing-finance
cybercell@paytm.com,https://paytm.com/loan-emi-payment/mas-financial-services-limited
cybercell@paytm.com,https://paytm.com/loan-emi-payment/l-t-finance-limited
cybercell@paytm.com,https://paytm.com/loan-emi-payment/kissht
cybercell@paytm.com,https://paytm.com/loan-emi-payment/kosamattam-finance
cybercell@paytm.com,https://paytm.com/loan-emi-payment/indiashelter-housing-finance
cybercell@paytm.com,https://paytm.com/loan-emi-payment/home-credit
cybercell@paytm.com,https://paytm.com/loan-emi-payment/idfc-first-bank-limited
"homeloans@indiabulls.com,cybercell@paytm.com",https://paytm.com/loan-emi-payment/indiabulls-housing-finance
"customer.care@herofincorp.com,cybercell@paytm.com",https://paytm.com/loan-emi-payment/hero-fincorp
cybercell@paytm.com,https://paytm.com/loan-emi-payment/hdfc-home-loan
cybercell@paytm.com,https://paytm.com/loan-emi-payment/hdfc-bank-ltd
"customer.support@hdbfs.com,cybercell@paytm.com",https://paytm.com/loan-emi-payment/hdb-financial-services
cybercell@paytm.com,https://paytm.com/loan-emi-payment/fintree-finance
cybercell@paytm.com,https://paytm.com/loan-emi-payment/faircent
"customercare@magma.co.in,cybercell@paytm.com",https://paytm.com/loan-emi-payment/magma-fincorp-ltd
cybercell@paytm.com,https://paytm.com/loan-emi-payment/credy
cybercell@paytm.com,https://paytm.com/loan-emi-payment/dmi-finance
cybercell@paytm.com,https://paytm.com/loan-emi-payment/credit-fair
cybercell@paytm.com,https://paytm.com/loan-emi-payment/capri-global-housing-finance
cybercell@paytm.com,https://paytm.com/loan-emi-payment/capri-global-capital-limited
cybercell@paytm.com,https://paytm.com/loan-emi-payment/capital-float
cybercell@paytm.com,https://paytm.com/loan-emi-payment/ess-kay-fincorp
cybercell@paytm.com,https://paytm.com/loan-emi-payment/dmi-housing-finance
cybercell@paytm.com,https://paytm.com/loan-emi-payment/cholamandalam
cybercell@paytm.com,https://paytm.com/loan-emi-payment/bussan-auto-finance
cybercell@paytm.com,https://paytm.com/loan-emi-payment/bajaj-housing-finance-ltd
cybercell@paytm.com,https://paytm.com/loan-emi-payment/bajaj-finance-limited
cybercell@paytm.com,https://paytm.com/loan-emi-payment/aditya-birla-capital
cybercell@paytm.com,https://paytm.com/loan-emi-payment/aditya-birla-housing-finance-limited
cybercell@paytm.com,https://paytm.com/loan-emi-payment/bajaj-auto-finance
cybercell@paytm.com,https://paytm.com/loan-emi-payment/aavas-financiers
cybercell@paytm.com,https://paytm.com/loan-emi-payment/au-small-finance-bank-limited
cybercell@paytm.com,https://paytm.com/loan-emi-payment/aeon-credit
cybercell@paytm.com,https://paytm.com/toll-tag-recharge/nice-e-pay
cybercell@paytm.com,https://paytm.com/toll-tag-recharge/mep-mumbai-entry-exit-points
cybercell@paytm.com,https://paytm.com/loan-emi-payment/achiievers-gold-loan
cybercell@paytm.com,https://paytm.com/municipal-payments/vijayapura-city-corporation
cybercell@paytm.com,https://paytm.com/municipal-payments/vasai-virar-city-municipal-corporation
cybercell@paytm.com,https://paytm.com/municipal-payments/shivamogga-city-corporation
cybercell@paytm.com,https://paytm.com/municipal-payments/pune-municipal-corporation
cybercell@paytm.com,https://paytm.com/municipal-payments/patna-municipal-corporation
cybercell@paytm.com,https://paytm.com/municipal-payments/nanded-waghala-city-municipal-corporation
cybercell@paytm.com,https://paytm.com/municipal-payments/nagar-nigam-aligarh
cybercell@paytm.com,https://paytm.com/municipal-payments/municipal-corporation-of-sonepat
cybercell@paytm.com,https://paytm.com/municipal-payments/municipal-corporation-of-panchkula
cybercell@paytm.com,https://paytm.com/municipal-payments/municipal-corporation-of-faridabad
cybercell@paytm.com,https://paytm.com/municipal-payments/municipal-corporation-of-gurugram-mcg
cybercell@paytm.com,https://paytm.com/municipal-payments/lansdowne-tax-payment
cybercell@paytm.com,https://paytm.com/municipal-payments/municipal-corporation-of-karnal
cybercell@paytm.com,https://paytm.com/municipal-payments/greater-visakhapatnam-municipal-corporation-gvmc
cybercell@paytm.com,https://paytm.com/municipal-payments/greater-warangal-municipal-corporation
cybercell@paytm.com,https://paytm.com/municipal-payments/greater-chennai-corporation
cybercell@paytm.com,https://paytm.com/municipal-payments/bilaspur-municipal-corporation-chattisgarh
cybercell@paytm.com,https://paytm.com/loan-emi-payment/flexsalary
cybercell@paytm.com,https://paytm.com/municipal-payments/belagavi-city-corporation
cybercell@paytm.com,https://paytm.com/water-bill-payment/ujjain-nagar-nigam-phed-water
cybercell@paytm.com,https://paytm.com/water-bill-payment/silvassa-municipal-council
cybercell@paytm.com,https://paytm.com/water-bill-payment/tumkur-city-corporation-water-and-ugd
cybercell@paytm.com,https://paytm.com/water-bill-payment/ranchi-municipal-corporation
cybercell@paytm.com,https://paytm.com/metro-card-recharge/hyderabad-metro
cybercell@paytm.com,https://paytm.com/metro-card-recharge/mumbai-metro
cybercell@paytm.com,https://paytm.com/water-bill-payment/new-delhi-municipal-council-ndmc-water
cybercell@paytm.com,https://paytm.com/water-bill-payment/punjab-municipal-corporation-council
cybercell@paytm.com,https://paytm.com/water-bill-payment/mysuru-city-corporation
cybercell@paytm.com,https://paytm.com/water-bill-payment/municipal-corporation-of-ludhiana-water
cybercell@paytm.com,https://paytm.com/water-bill-payment/municipal-corporation-of-faridabad-water
cybercell@paytm.com,https://paytm.com/water-bill-payment/municipal-corporation-of-gurugram-mcg-water
cybercell@paytm.com,https://paytm.com/water-bill-payment/kerala-water-authority-kwa-water
cybercell@paytm.com,https://paytm.com/water-bill-payment/nanded-waghala-city-municipal-corporation-water
cybercell@paytm.com,https://paytm.com/water-bill-payment/jabalpur-municipal-corporation-water
cybercell@paytm.com,https://paytm.com/water-bill-payment/hyderabad-metropolitan-water-supply-and-sewerage-board-hmwssb
cybercell@paytm.com,https://paytm.com/water-bill-payment/municipal-corporation-of-amritsar
cybercell@paytm.com,https://paytm.com/water-bill-payment/haryana-urban-development-authority
cybercell@paytm.com,https://paytm.com/water-bill-payment/department-of-public-health-engineering-water-mizoram
cybercell@paytm.com,https://paytm.com/water-bill-payment/greater-warangal-municipal-corporation-water
cybercell@paytm.com,https://paytm.com/water-bill-payment/delhi-development-authority-dda-water
cybercell@paytm.com,https://paytm.com/gas-bill-payment/unique-central-piped-gases-pvt-ltd-ucpgpl
cybercell@paytm.com,https://paytm.com/gas-bill-payment/tripura-natural-gas
cybercell@paytm.com,https://paytm.com/gas-bill-payment/torrent-gas-moradabad-limited
cybercell@paytm.com,https://paytm.com/gas-bill-payment/sabarmati-gas-limited-sgl
cybercell@paytm.com,https://paytm.com/gas-bill-payment/mahanagar-gas-mumbai
cybercell@paytm.com,https://paytm.com/gas-bill-payment/indian-oil-adani-gas-private-limited
cybercell@paytm.com,https://paytm.com/gas-bill-payment/irm-energy-private-limited
cybercell@paytm.com,https://paytm.com/gas-bill-payment/haryana-city-gas-kapil-chopra-enterprise
cybercell@paytm.com,https://paytm.com/gas-bill-payment/charotar-gas-sahakari-mandali-ltd
cybercell@paytm.com,https://paytm.com/gas-bill-payment/central-u-p-gas-limited
cybercell@paytm.com,https://paytm.com/gas-bill-payment/bhagyanagar-gas-limited
cybercell@paytm.com,https://paytm.com/broadband-bill-payment/you-broadband
cybercell@paytm.com,https://paytm.com/gas-bill-payment/assam-gas-company-limited
cybercell@paytm.com,https://paytm.com/broadband-bill-payment/vfibernet-broadband
cybercell@paytm.com,https://paytm.com/gas-bill-payment/green-gas-limited-ggl
cybercell@paytm.com,https://paytm.com/broadband-bill-payment/ucn-broadband
cybercell@paytm.com,https://paytm.com/broadband-bill-payment/ttn-broadband
cybercell@paytm.com,https://paytm.com/broadband-bill-payment/siti-broadband
cybercell@paytm.com,https://paytm.com/broadband-bill-payment/tikona-broadband
cybercell@paytm.com,https://paytm.com/broadband-bill-payment/timbl-broadband
cybercell@paytm.com,https://paytm.com/broadband-bill-payment/sikka-broadband
cybercell@paytm.com,https://paytm.com/broadband-bill-payment/spectra
cybercell@paytm.com,https://paytm.com/broadband-bill-payment/one-broadband
cybercell@paytm.com,https://paytm.com/broadband-bill-payment/nextra-broadband
cybercell@paytm.com,https://paytm.com/broadband-bill-payment/netplus-broadband
cybercell@paytm.com,https://paytm.com/broadband-bill-payment/mnet-broadband
cybercell@paytm.com,https://paytm.com/broadband-bill-payment/meghbela
cybercell@paytm.com,https://paytm.com/broadband-bill-payment/mach1-broadband
cybercell@paytm.com,https://paytm.com/broadband-bill-payment/mtnl-delhi
cybercell@paytm.com,https://paytm.com/broadband-bill-payment/ion
cybercell@paytm.com,https://paytm.com/broadband-bill-payment/gbps-broadband
cybercell@paytm.com,https://paytm.com/broadband-bill-payment/fusionnet
cybercell@paytm.com,https://paytm.com/broadband-bill-payment/instalinks
cybercell@paytm.com,https://paytm.com/broadband-bill-payment/foxtel-broadband
cybercell@paytm.com,https://paytm.com/broadband-bill-payment/dreamtel-broadband
cybercell@paytm.com,https://paytm.com/broadband-bill-payment/comway-broadband
cybercell@paytm.com,https://paytm.com/broadband-bill-payment/connect
cybercell@paytm.com,https://paytm.com/broadband-bill-payment/den-broadband
cybercell@paytm.com,https://paytm.com/broadband-bill-payment/instanet-broadband
cybercell@paytm.com,https://paytm.com/broadband-bill-payment/bsnl
cybercell@paytm.com,https://paytm.com/broadband-bill-payment/ani-network
cybercell@paytm.com,https://paytm.com/broadband-bill-payment/airtel
cybercell@paytm.com,https://paytm.com/landline-bill-payment/you-broadband
cybercell@paytm.com,https://paytm.com/landline-bill-payment/vfibernet-broadband
cybercell@paytm.com,https://paytm.com/broadband-bill-payment/microscan
cybercell@paytm.com,https://paytm.com/landline-bill-payment/ucn-broadband
cybercell@paytm.com,https://paytm.com/landline-bill-payment/timbl-broadband
cybercell@paytm.com,https://paytm.com/landline-bill-payment/tikona-broadband
cybercell@paytm.com,https://paytm.com/landline-bill-payment/ttn-broadband
cybercell@paytm.com,https://paytm.com/landline-bill-payment/tata-tele-broadband
cybercell@paytm.com,https://paytm.com/landline-bill-payment/siti-broadband
cybercell@paytm.com,https://paytm.com/landline-bill-payment/sikka-broadband
cybercell@paytm.com,https://paytm.com/landline-bill-payment/one-broadband
cybercell@paytm.com,https://paytm.com/landline-bill-payment/mnet-broadband
cybercell@paytm.com,https://paytm.com/landline-bill-payment/netplus-broadband
cybercell@paytm.com,https://paytm.com/landline-bill-payment/microscan
cybercell@paytm.com,https://paytm.com/landline-bill-payment/meghbela
cybercell@paytm.com,https://paytm.com/landline-bill-payment/spectra
cybercell@paytm.com,https://paytm.com/landline-bill-payment/mach1-broadband
cybercell@paytm.com,https://paytm.com/landline-bill-payment/mtnl-delhi
cybercell@paytm.com,https://paytm.com/broadband-bill-payment/act-broadband
cybercell@paytm.com,https://paytm.com/landline-bill-payment/ion
cybercell@paytm.com,https://paytm.com/landline-bill-payment/instalinks
cybercell@paytm.com,https://paytm.com/landline-bill-payment/hathway-broadband
cybercell@paytm.com,https://paytm.com/landline-bill-payment/mtnl-mumbai
cybercell@paytm.com,https://paytm.com/landline-bill-payment/foxtel-broadband
cybercell@paytm.com,https://paytm.com/landline-bill-payment/gbps-broadband
cybercell@paytm.com,https://paytm.com/landline-bill-payment/fusionnet
"app.feedback@paytm.com,app.feedback@paytm.com,app.feedback@paytm.com,app.feedback@paytm.com,app.feedback@paytm.com,app.feedback@paytm.com,app.feedback@paytm.com,app.feedback@paytm.com,app.feedback@paytm.com,app.feedback@paytm.com",https://play.google.com/store/apps/details?id=net.one97.paytm
cybercell@paytm.com,https://paytm.com/landline-bill-payment/dreamtel-broadband
cybercell@paytm.com,https://paytm.com/landline-bill-payment/instanet-broadband
cybercell@paytm.com,https://paytm.com/landline-bill-payment/connect
cybercell@paytm.com,https://paytm.com/landline-bill-payment/den-broadband
cybercell@paytm.com,https://paytm.com/landline-bill-payment/comway-broadband
cybercell@paytm.com,https://paytm.com/landline-bill-payment/ani-network
cybercell@paytm.com,https://paytm.com/landline-bill-payment/nextra-broadband
cybercell@paytm.com,https://paytm.com/landline-bill-payment/asianet-broadband
cybercell@paytm.com,https://paytm.com/electricity-bill-payment/west-bengal
cybercell@paytm.com,https://paytm.com/landline-bill-payment/act-broadband
cybercell@paytm.com,https://paytm.com/electricity-bill-payment/kerala
cybercell@paytm.com,https://paytm.com/electricity-bill-payment/new-delhi
cybercell@paytm.com,https://paytm.com/electricity-bill-payment/odisha
cybercell@paytm.com,https://paytm.com/electricity-bill-payment/meghalaya
cybercell@paytm.com,https://paytm.com/electricity-bill-payment/madhya-pradesh
cybercell@paytm.com,https://paytm.com/electricity-bill-payment/manipur
cybercell@paytm.com,https://paytm.com/electricity-bill-payment/mizoram
cybercell@paytm.com,https://paytm.com/electricity-bill-payment/nagaland
cybercell@paytm.com,https://paytm.com/electricity-bill-payment/karnataka
cybercell@paytm.com,https://paytm.com/electricity-bill-payment/jharkhand
cybercell@paytm.com,https://paytm.com/electricity-bill-payment/gujarat
cybercell@paytm.com,https://paytm.com/electricity-bill-payment/dadra-and-nagar-haveli
cybercell@paytm.com,https://paytm.com/electricity-bill-payment/himachal-pradesh
cybercell@paytm.com,https://paytm.com/electricity-bill-payment/daman-and-diu
cybercell@paytm.com,https://paytm.com/electricity-bill-payment/assam
cybercell@paytm.com,https://paytm.com/electricity-bill-payment/chhattisgarh
cybercell@paytm.com,https://paytm.com/electricity-bill-payment/andhra-pradesh
cybercell@paytm.com,https://paytm.com/datacard-bill-payment/mtnl
cybercell@paytm.com,https://paytm.com/datacard-bill-payment/bsnl
cybercell@paytm.com,https://paytm.com/datacard-recharge/bsnl
cybercell@paytm.com,https://paytm.com/mobile-bill-payment/mtnl-dolphin-postpaid
"selfcare@mtnl.net.in,edonline@mtnl.net.in,cybercell@paytm.com",https://paytm.com/recharge/mtnl-prepaid-mobile-online-recharge
cybercell@paytm.com,https://paytm.com/coupons
cybercell@paytm.com,https://paytm.com/broadband-bill-payment/tata-tele-broadband
cybercell@paytm.com,https://paytm.com/broadband-bill-payment/alliance-broadband
cybercell@paytm.com,https://paytm.com/landline-bill-payment/bsnl
cybercell@paytm.com,https://paytm.com/broadband-bill-payment/asianet-broadband
cybercell@paytm.com,https://paytm.com/offer/
cybercell@paytm.com,https://paytm.com/landline-bill-payment/airtel
cybercell@paytm.com,https://paytm.com/broadband-bill-payment/hathway-broadband
cybercell@paytm.com,https://paytm.com/offer/bank-transfer/
"movietickets@paytm.com,grievanceofficer@paytm.com",https://paytm.com/about-us/our-policies/
cybercell@paytm.com,https://paytm.com/gas-bill-payment/maharashtra-natural-gas-limited-mngl
cybercell@paytm.com,https://paytm.com/gas-bill-payment/vadodara-gas-limited-vgl
cybercell@paytm.com,https://paytm.com/gas-bill-payment/aavantika-gas-ltd
cybercell@paytm.com,https://paytm.com/gas-bill-payment/gujarat-gas-limited
cybercell@paytm.com,https://paytm.com/gas-bill-payment/adani-gas-limited
cybercell@paytm.com,https://paytm.com/gas-bill-payment/indraprastha-gas-limited
cybercell@paytm.com,https://paytm.com/water-bill-payment/nagpur-municipal-corporation-orange-city-water-nagpur
cybercell@paytm.com,https://paytm.com/water-bill-payment/pune-municipal-corporation-water
cybercell@paytm.com,https://paytm.com/water-bill-payment/uttarakhand-jal-sansthan
cybercell@paytm.com,https://paytm.com/water-bill-payment/bangalore-water-supply-and-sewerage-board-bwssb
cybercell@paytm.com,https://paytm.com/water-bill-payment/surat-municipal-corporation-water
cybercell@paytm.com,https://paytm.com/water-bill-payment/gwalior-municipal-corporation-water
cybercell@paytm.com,https://paytm.com/electricity-bill-payment/maharashtra
cybercell@paytm.com,https://paytm.com/water-bill-payment/bhopal-municipal-corporation-water
cybercell@paytm.com,https://paytm.com/water-bill-payment/indore-municipal-corporation-water
cybercell@paytm.com,https://paytm.com/electricity-bill-payment/haryana
cybercell@paytm.com,https://paytm.com/electricity-bill-payment/telangana
cybercell@paytm.com,https://paytm.com/water-bill-payment/delhi-jal-board-djb
cybercell@paytm.com,https://paytm.com/mobile-bill-payment/idea-postpaid
cybercell@paytm.com,https://paytm.com/mobile-bill-payment/bsnl-postpaid
cybercell@paytm.com,https://paytm.com/electricity-bill-payment/goa
cybercell@paytm.com,https://paytm.com/electricity-bill-payment/punjab
cybercell@paytm.com,https://paytm.com/electricity-bill-payment/bihar
cybercell@paytm.com,https://paytm.com/mobile-bill-payment/vodafone-postpaid
cybercell@paytm.com,https://paytm.com/mobile-bill-payment/jio-postpaid
cybercell@paytm.com,https://paytm.com/datacard-recharge/idea
cybercell@paytm.com,https://paytm.com/datacard-recharge/jio
cybercell@paytm.com,https://paytm.com/datacard-recharge/vodafone
cybercell@paytm.com,https://paytm.com/offer/bus-tickets/
cybercell@paytm.com,https://paytm.com/dth-recharge/tata-sky
cybercell@paytm.com,https://paytm.com/dth-recharge/d2h
cybercell@paytm.com,https://paytm.com/dth-recharge/sun-direct
"cybercell@paytm.com,0410ce5f7a3a4c58bb301150a45235d4@sentry.io",https://paytm.com/train-tickets/seat-availability
cybercell@paytm.com,https://paytm.com/dth-recharge/airtel-digital-tv
cybercell@paytm.com,https://paytm.com/datacard-recharge/airtel
cybercell@paytm.com,https://paytm.com/dth-recharge/dish-tv
"FASTag@paytm.com,FASTag@paytm.com",https://paytmmall.com/paytm-fastag-MISPAYTM-FASTAGONE-6707493A5E3B71-pdp?src=store&from=storefront
cybercell@paytm.com,https://paytm.com/shop/h/big-bazaar-top-brands
cybercell@paytm.com,https://paytm.com/offer/movies/zomatomovie/
cybercell@paytm.com,https://paytm.com/events/himachal-pradesh/music/kasauli-rhythm-blues-festival-2020/210028
cybercell@paytm.com,https://paytm.com/toll-tag-recharge
cybercell@paytm.com,https://paytm.com/amusement-parks
cybercell@paytm.com,https://paytm.com/insurance-premium-payment
cybercell@paytm.com,https://paytm.com/helpinghand
cybercell@paytm.com,https://paytm.com/municipal-payments
cybercell@paytm.com,https://paytm.com/google-play-gift-card-recharge
cybercell@paytm.com,https://paytm.com/devotion
cybercell@paytm.com,https://paytm.com/water-bill-payment
cybercell@paytm.com,https://paytm.com/credit-card-bill-payment
cybercell@paytm.com,http://paytm.com/offer/flight-tickets/
cybercell@paytm.com,https://paytm.com/loan-emi-payment
cybercell@paytm.com,https://paytm.com/challan-bill-payment
cybercell@paytm.com,https://paytm.com/cabletv
cybercell@paytm.com,https://paytm.com/gas-bill-payment
cybercell@paytm.com,https://paytm.com/cylinder-gas-recharge
cybercell@paytm.com,https://paytm.com/datacard-recharge
cybercell@paytm.com,https://paytm.com/landline-bill-payment
cybercell@paytm.com,https://paytm.com/electricity-bill-payment
cybercell@paytm.com,https://paytm.com/broadband-bill-payment
cybercell@paytm.com,https://paytm.com/dth-recharge
cybercell@paytm.com,https://paytm.com/metro-card-recharge
cybercell@paytm.com,https://paytm.com/mobile-bill-payment
cybercell@paytm.com,https://paytm.com/recharge
cybercell@paytm.com,https://paytm.com/recharge/jio-prepaid-mobile-online-recharge
"education@paytm.com,cybercell@paytm.com",https://paytm.com/education
cybercell@paytm.com,https://paytm.com/recharge/idea-prepaid-mobile-online-recharge
cybercell@paytm.com,https://paytm.com/recharge/airtel-prepaid-mobile-online-recharge
cybercell@paytm.com,https://paytm.com/recharge/vodafone-prepaid-mobile-online-recharge
cybercell@paytm.com,https://paytm.com/recharge/bsnl-prepaid-mobile-online-recharge
"cybercell@paytm.com,0410ce5f7a3a4c58bb301150a45235d4@sentry.io",https://paytm.com/train-tickets/pnr-status
cybercell@paytm.com,https://paytm.com/datacard-recharge/mtnl
cybercell@paytm.com,https://paytm.com/datacard-bill-payment/airtel
cybercell@paytm.com,https://paytm.com/datacard-bill-payment/idea
cybercell@paytm.com,https://paytm.com/mobile-bill-payment/airtel-postpaid
"care@paytm.com,cybercell@paytm.com",https://paytm.com/datacard-bill-payment/vodafone
cybercell@paytm.com,https://paytm.com/electricity-bill-payment/tamil-nadu
cybercell@paytm.com,https://paytm.com/electricity-bill-payment/pondicherry
cybercell@paytm.com,https://paytm.com/electricity-bill-payment/rajasthan
cybercell@paytm.com,https://paytm.com/electricity-bill-payment/sikkim
cybercell@paytm.com,https://paytm.com/broadband-bill-payment/mtnl-mumbai
cybercell@paytm.com,https://paytm.com/electricity-bill-payment/tripura
cybercell@paytm.com,https://paytm.com/electricity-bill-payment/uttar-pradesh
cybercell@paytm.com,https://paytm.com/landline-bill-payment/alliance-broadband
cybercell@paytm.com,https://paytm.com/electricity-bill-payment/uttarakhand
cybercell@paytm.com,https://paytm.com/water-bill-payment/municipal-corporation-jalandhar-water
cybercell@paytm.com,https://paytm.com/metro-card-recharge/delhi-metro
cybercell@paytm.com,https://paytm.com/water-bill-payment/urban-improvement-trust-uit-bhiwadi
cybercell@paytm.com,https://paytm.com/water-bill-payment/patna-municipal-corporation-gcc-tax
cybercell@paytm.com,https://paytm.com/apartments-electricity-recharge
cybercell@paytm.com,https://paytm.com/loan-emi-payment/fullerton-india
cybercell@paytm.com,https://paytm.com/toll-tag-recharge/bangalore-elevated-tollway-pvt-ltd-betpl
cybercell@paytm.com,https://paytm.com/loan-emi-payment/indiabulls-consumer-finance-limited
cybercell@paytm.com,https://paytm.com/loan-emi-payment/zestmoney
cybercell@paytm.com,https://paytm.com/insurance-premium-payment/reliance-nippon-life-insurance
cybercell@paytm.com,https://paytm.com/insurance-premium-payment/idbi-federal-life-insurance
cybercell@paytm.com,https://paytm.com/insurance-premium-payment/canara-hsbc-obc-life-insurance
cybercell@paytm.com,https://paytm.com/insurance-premium-payment/sbi-life-insurance
"customercare@muthoot.com,cybercell@paytm.com",https://paytm.com/loan-emi-payment/muthoot-fincorp-ltd
cybercell@paytm.com,https://paytm.com/loan-emi-payment/i2i-funding
espnplusaffiliates@disneystreaming.com,https://plus.espn.com/partner-program?ex_cid=ESPN-partnerprogram-espnfooter-US-EN
"cybercell@paytm.com,0410ce5f7a3a4c58bb301150a45235d4@sentry.io",https://paytm.com/flights/domestic-flights
cybercell@paytm.com,https://paytm.com/devotion/shri-badrinath-temple
cybercell@paytm.com,https://paytm.com/movies/delhi-ncr
cybercell@paytm.com,https://paytm.com/devotion/somnath-temple
cybercell@paytm.com,https://paytm.com/movies/bengaluru
cybercell@paytm.com,https://paytm.com/devotion/vrindavan-chandrodaya-mandir
cybercell@paytm.com,https://paytm.com/devotion/shree-lenyadri-ganpati-devsthan-trust
cybercell@paytm.com,https://paytm.com/devotion/shri-kedarnath-temple
"cybercell@paytm.com,0410ce5f7a3a4c58bb301150a45235d4@sentry.io",https://paytm.com/flights/bengaluru-to-goa-flight-tickets
"cybercell@paytm.com,0410ce5f7a3a4c58bb301150a45235d4@sentry.io",https://paytm.com/train-tickets/railway-reservation-cancellation
"cybercell@paytm.com,0410ce5f7a3a4c58bb301150a45235d4@sentry.io",https://paytm.com/train-tickets/mysore-to-bangalore-trains
cybercell@paytm.com,https://paytm.com/amusement-parks/bengaluru
cybercell@paytm.com,https://paytm.com/amusement-parks/hyderabad
cybercell@paytm.com,https://paytm.com/movies/jaipur
cybercell@paytm.com,https://paytm.com/movies/chennai
cybercell@paytm.com,https://paytm.com/movies/upcoming-movies/hindi
"caprivacy@twdc.com,caprivacy@twdc.com",https://privacy.thewaltdisneycompany.com/en/current-privacy-policy/your-california-privacy-rights/
"PRIVACYCONTACT@DISNEY.COM,privacy@privo.com,privacycontact@disney.com,privacycontact@disney.com,ms_support@help.go.com,privacycontact@disney.com",https://privacy.thewaltdisneycompany.com/en/for-parents/childrens-online-privacy-policy/
cybercell@paytm.com,https://paytm.com/movies/upcoming-movies/sport
cybercell@paytm.com,https://paytm.com/movies/upcoming-movies/fantasy
cybercell@paytm.com,https://paytm.com/movies/upcoming-movies/animation
cybercell@paytm.com,https://paytm.com/movies/upcoming-movies/biography
cybercell@paytm.com,https://paytm.com/cabletv-recharge/ucn-tv
cybercell@paytm.com,https://paytm.com/cabletv-recharge/incable-digital-tv
cybercell@paytm.com,https://paytm.com/gas-bill-payment/gail-gas-limited
"yourfriends@medium.com,partnerprogram@medium.com",https://blog.paytm.com/?gi=e5965ae932db
email,url
cumcgca@columbia.edu,https://www.columbia.edu
askcuit@columbia.edu,https://www.columbia.edu/content/copyright
"residential@columbia.edu,cumc.housing@columbia.edu,housing@columbia.edu",https://www.columbia.edu/content/coronavirus
cumcgca@columbia.edu,https://www.columbia.edu/content/
username@example.com,https://www.mailman.columbia.edu/harlem-health-promotion-center/about
sites@columbia.edu,https://sites.columbia.edu/
ciexecs@columbia.edu,https://communityimpact.columbia.edu/
"eoaa@columbia.edu,eoaa@columbia.edu",https://eoaa.columbia.edu/content/non-discrimination-statement-and-policy
"disability@columbia.edu,health@columbia.edu",https://health.columbia.edu/content/disability-services
ddc@columbia.edu,https://ddc.college.columbia.edu/
communityaffairs@columbia.edu,https://gca.columbia.edu/
communityaffairs@columbia.edu,https://gca.columbia.edu/content/government-relations/voter-registration
wellnesscenter@cumc.columbia.edu,https://communitywellness.manhattanville.columbia.edu/
"communityaffairs@columbia.edu,communityaffairs@columbia.edu",https://gca.columbia.edu/content/programs-and-initiatives/community-scholars
jhl2152@columbia.edu,https://freedomandcitizenship.columbia.edu/
health@columbia.edu,https://health.columbia.edu/
"transportation@columbia.edu,parking@columbia.edu,transportation@columbia.edu",https://transportation.columbia.edu/content/manhattanville-loop
lio@columbia.edu,https://library.columbia.edu/about/events/event.html?guid=CAL-00bb9e25-6eac1fa8-016e-aecbf873-00000c58events%40columbia.edu&startdate=20200126&returnlinkurl=/content/libraryweb/libraries/rbml/exhibitions&returnlinktext=RBML%27s%20Exhibitions%20%26%20Programs
columbianews@columbia.edu,https://news.columbia.edu/student-summer-program-freedom-citizenship
"transportation@columbia.edu,parking@columbia.edu,transportation@columbia.edu",https://transportation.columbia.edu/content/intercampus-shuttle
columbianews@columbia.edu,https://news.columbia.edu
"oreilly@ldeo.columbia.edu,transportation@columbia.edu,parking@columbia.edu,transportation@columbia.edu",https://transportation.columbia.edu/content/lamont-shuttle
lio@columbia.edu,https://library.columbia.edu/
summersessions@columbia.edu,http://summer.sps.columbia.edu/
visitorscenter@columbia.edu,https://visit.columbia.edu/
officeofthepresident@columbia.edu,https://president.columbia.edu/news/new-commitments-climate
access@columbia.edu,https://events.columbia.edu/cal/main/showEventList.rdo;jsessionid=77A9AC8FDBE610D9158FD0C5A0E2A5E3
registrar@columbia.edu,https://registrar.columbia.edu/calendar
email,url
espnplusaffiliates@disneystreaming.com,https://plus.espn.com/partner-program?ex_cid=ESPN-partnerprogram-espnfooter-US-EN
cumcgca@columbia.edu,https://www.columbia.edu
summersessions@columbia.edu,http://summer.sps.columbia.edu/
"transportation@columbia.edu,parking@columbia.edu,transportation@columbia.edu",https://transportation.columbia.edu/content/manhattanville-loop
"oreilly@ldeo.columbia.edu,transportation@columbia.edu,parking@columbia.edu,transportation@columbia.edu",https://transportation.columbia.edu/content/lamont-shuttle
lio@columbia.edu,https://library.columbia.edu/about/events/event.html?guid=CAL-00bb9e25-6eac1fa8-016e-aecbf873-00000c58events%40columbia.edu&startdate=20200126&returnlinkurl=/content/libraryweb/libraries/rbml/exhibitions&returnlinktext=RBML%27s%20Exhibitions%20%26%20Programs
communityaffairs@columbia.edu,https://gca.columbia.edu/content/government-relations/voter-registration
columbianews@columbia.edu,https://news.columbia.edu/student-summer-program-freedom-citizenship
lio@columbia.edu,https://library.columbia.edu/
registrar@columbia.edu,https://registrar.columbia.edu/calendar
access@columbia.edu,https://events.columbia.edu/cal/main/showEventList.rdo;jsessionid=00976667683F38BE4F4B4C40B9915F1A
"Michael.Rothstein@espn.com,ben.baby@espn.com,Michael.Rothstein@espn.com,Michael.Rothstein@espn.com,ben.baby@espn.com",https://www.espn.com/nfl/draft/news
cumcgca@columbia.edu,https://www.columbia.edu/content/
"residential@columbia.edu,cumc.housing@columbia.edu,housing@columbia.edu",https://www.columbia.edu/content/coronavirus
columbianews@columbia.edu,https://news.columbia.edu
communityaffairs@columbia.edu,https://gca.columbia.edu/
askcuit@columbia.edu,https://www.columbia.edu/content/copyright
"transportation@columbia.edu,parking@columbia.edu,transportation@columbia.edu",https://transportation.columbia.edu/content/intercampus-shuttle
email,url
espnplusaffiliates@disneystreaming.com,https://plus.espn.com/partner-program?ex_cid=ESPN-partnerprogram-espnfooter-US-EN
askcuit@columbia.edu,https://www.columbia.edu/content/copyright
ESPN+@no-vote.com,https://help.espnplus.com/hc/en-us/articles/360026126892-ESPN-Subscriber-Agreement
ciexecs@columbia.edu,https://communityimpact.columbia.edu/
"privacy.department@nielsen.com,privacy.department@nielsen.com,privacy.department@nielsen.com",https://www.nielsen.com/us/en/legal/privacy-statement/digital-measurement/
"residential@columbia.edu,cumc.housing@columbia.edu,housing@columbia.edu",https://www.columbia.edu/content/coronavirus
columbianews@columbia.edu,https://news.columbia.edu
lio@columbia.edu,https://library.columbia.edu/
cumcgca@columbia.edu,https://www.columbia.edu/content/
officeofthepresident@columbia.edu,https://president.columbia.edu/news/new-commitments-climate
"disability@columbia.edu,health@columbia.edu",https://health.columbia.edu/content/disability-services
cumcgca@columbia.edu,https://www.columbia.edu
"eoaa@columbia.edu,eoaa@columbia.edu",https://eoaa.columbia.edu/content/non-discrimination-statement-and-policy
"PRIVACYCONTACT@DISNEY.COM,privacy@privo.com,privacycontact@disney.com,privacycontact@disney.com,ms_support@help.go.com,privacycontact@disney.com",https://privacy.thewaltdisneycompany.com/en/for-parents/childrens-online-privacy-policy/
"caprivacy@twdc.com,caprivacy@twdc.com",https://privacy.thewaltdisneycompany.com/en/current-privacy-policy/your-california-privacy-rights/
columbianews@columbia.edu,https://news.columbia.edu/student-summer-program-freedom-citizenship
lio@columbia.edu,https://library.columbia.edu/about/events/event.html?guid=CAL-00bb9e25-6eac1fa8-016e-aecbf873-00000c58events%40columbia.edu&startdate=20200126&returnlinkurl=/content/libraryweb/libraries/rbml/exhibitions&returnlinktext=RBML%27s%20Exhibitions%20%26%20Programs
visitorscenter@columbia.edu,https://visit.columbia.edu/
health@columbia.edu,https://health.columbia.edu/
"Michael.Rothstein@espn.com,ben.baby@espn.com,Michael.Rothstein@espn.com,Michael.Rothstein@espn.com,ben.baby@espn.com",https://www.espn.com/nfl/draft/news
access@columbia.edu,https://events.columbia.edu/cal/main/showEventList.rdo;jsessionid=6AB0F98A11000F53CC6D811AD1087955
registrar@columbia.edu,https://registrar.columbia.edu/calendar
sites@columbia.edu,https://sites.columbia.edu/
jhl2152@columbia.edu,https://freedomandcitizenship.columbia.edu/
email,url
espnplusaffiliates@disneystreaming.com,https://plus.espn.com/partner-program?ex_cid=ESPN-partnerprogram-espnfooter-US-EN
ESPN+@no-vote.com,https://help.espnplus.com/hc/en-us/articles/360026126892-ESPN-Subscriber-Agreement
askcuit@columbia.edu,https://www.columbia.edu/content/copyright
email,url
espnplusaffiliates@disneystreaming.com,https://plus.espn.com/partner-program?ex_cid=ESPN-partnerprogram-espnfooter-US-EN
sites@columbia.edu,https://sites.columbia.edu/
username@example.com,https://www.mailman.columbia.edu/harlem-health-promotion-center/about
askcuit@columbia.edu,https://www.columbia.edu/content/copyright
ciexecs@columbia.edu,https://communityimpact.columbia.edu/
communityaffairs@columbia.edu,https://gca.columbia.edu/
"oreilly@ldeo.columbia.edu,transportation@columbia.edu,parking@columbia.edu,transportation@columbia.edu",https://transportation.columbia.edu/content/lamont-shuttle
communityaffairs@columbia.edu,https://gca.columbia.edu/content/government-relations/voter-registration
lio@columbia.edu,https://library.columbia.edu/about/events/event.html?guid=CAL-00bb9e25-6eac1fa8-016e-aecbf873-00000c58events%40columbia.edu&startdate=20200126&returnlinkurl=/content/libraryweb/libraries/rbml/exhibitions&returnlinktext=RBML%27s%20Exhibitions%20%26%20Programs
"transportation@columbia.edu,parking@columbia.edu,transportation@columbia.edu",https://transportation.columbia.edu/content/manhattanville-loop
"disability@columbia.edu,health@columbia.edu",https://health.columbia.edu/content/disability-services
"eoaa@columbia.edu,eoaa@columbia.edu",https://eoaa.columbia.edu/content/non-discrimination-statement-and-policy
"transportation@columbia.edu,parking@columbia.edu,transportation@columbia.edu",https://transportation.columbia.edu/content/intercampus-shuttle
summersessions@columbia.edu,http://summer.sps.columbia.edu/
visitorscenter@columbia.edu,https://visit.columbia.edu/
columbianews@columbia.edu,https://news.columbia.edu
lio@columbia.edu,https://library.columbia.edu/
"residential@columbia.edu,cumc.housing@columbia.edu,housing@columbia.edu",https://www.columbia.edu/content/coronavirus
health@columbia.edu,https://health.columbia.edu/
ESPN+@no-vote.com,https://help.espnplus.com/hc/en-us/articles/360026126892-ESPN-Subscriber-Agreement
registrar@columbia.edu,https://registrar.columbia.edu/calendar
cumcgca@columbia.edu,https://www.columbia.edu/content/
cumcgca@columbia.edu,https://www.columbia.edu
officeofthepresident@columbia.edu,https://president.columbia.edu/news/new-commitments-climate
"privacy.department@nielsen.com,privacy.department@nielsen.com,privacy.department@nielsen.com",https://www.nielsen.com/us/en/legal/privacy-statement/digital-measurement/
"PRIVACYCONTACT@DISNEY.COM,privacy@privo.com,privacycontact@disney.com,privacycontact@disney.com,ms_support@help.go.com,privacycontact@disney.com",https://privacy.thewaltdisneycompany.com/en/for-parents/childrens-online-privacy-policy/
"caprivacy@twdc.com,caprivacy@twdc.com",https://privacy.thewaltdisneycompany.com/en/current-privacy-policy/your-california-privacy-rights/
"Michael.Rothstein@espn.com,ben.baby@espn.com,Michael.Rothstein@espn.com,Michael.Rothstein@espn.com,ben.baby@espn.com",https://www.espn.com/nfl/draft/news
columbianews@columbia.edu,https://news.columbia.edu/student-summer-program-freedom-citizenship
wellnesscenter@cumc.columbia.edu,https://communitywellness.manhattanville.columbia.edu/
ddc@columbia.edu,https://ddc.college.columbia.edu/
jhl2152@columbia.edu,https://freedomandcitizenship.columbia.edu/
"communityaffairs@columbia.edu,communityaffairs@columbia.edu",https://gca.columbia.edu/content/programs-and-initiatives/community-scholars
access@columbia.edu,https://events.columbia.edu/cal/main/showEventList.rdo;jsessionid=1B3410EE4E4C25585FB393DF4AEFB982
